{"cameraMode":{"drawMode":0,"name":"Shaded","section":"Shading Mode"},"sceneLighting":false,"audioPlay":false,"sceneViewState":{"m_AlwaysRefresh":false,"showFog":true,"showSkybox":false,"showFlares":true,"showImageEffects":true,"showParticleSystems":true,"showVisualEffectGraphs":true,"m_FxEnabled":true},"in2DMode":false,"pivot":{"x":-5.454188346862793,"y":7.586374759674072,"z":-388.78143310546877},"rotation":{"x":0.003672536928206682,"y":0.645980179309845,"z":-0.003105391748249531,"w":0.7633492350578308},"size":0.5704148411750794,"orthographic":false}