{"cameraMode":{"drawMode":0,"name":"Shaded","section":"Shading Mode"},"sceneLighting":true,"audioPlay":false,"sceneViewState":{"m_AlwaysRefresh":false,"showFog":true,"showSkybox":true,"showFlares":true,"showImageEffects":true,"showParticleSystems":true,"showVisualEffectGraphs":true,"m_FxEnabled":true},"in2DMode":false,"pivot":{"x":-0.37195149064064028,"y":19.253915786743165,"z":-368.42608642578127},"rotation":{"x":0.32591524720191958,"y":0.209181010723114,"z":-0.07418915629386902,"w":0.9189846515655518},"size":2.7870073318481447,"orthographic":false}