{"cameraMode":{"drawMode":0,"name":"Shaded","section":"Shading Mode"},"sceneLighting":true,"audioPlay":false,"sceneViewState":{"m_AlwaysRefresh":false,"showFog":true,"showSkybox":true,"showFlares":true,"showImageEffects":true,"showParticleSystems":true,"showVisualEffectGraphs":true,"m_FxEnabled":true},"in2DMode":false,"pivot":{"x":-4.025611877441406,"y":7.534501075744629,"z":-387.4071350097656},"rotation":{"x":0.20489650964736939,"y":0.019084909930825235,"z":-0.003995958250015974,"w":0.9785888195037842},"size":11.200387001037598,"orthographic":false}