{"cameraMode":{"drawMode":0,"name":"Shaded","section":"Shading Mode"},"sceneLighting":true,"audioPlay":false,"sceneViewState":{"m_AlwaysRefresh":false,"showFog":true,"showSkybox":true,"showFlares":true,"showImageEffects":true,"showParticleSystems":true,"showVisualEffectGraphs":true,"m_FxEnabled":true},"in2DMode":false,"pivot":{"x":-3.7860019207000734,"y":17.011207580566408,"z":-376.1207275390625},"rotation":{"x":0.3205749988555908,"y":0.018769370391964914,"z":-0.00635030260309577,"w":0.9470304846763611},"size":16.748729705810548,"orthographic":false}